{
  "camera_matrix": [
    [
      496.3878714044831,
      0.0,
      355.2428463403303
    ],
    [
      0.0,
      497.0769391051239,
      242.5845215691557
    ],
    [
      0.0,
      0.0,
      1.0
    ]
  ],
  "dist_coeffs": [
    0.07147811816627649,
    -0.2794380901755531,
    0.0014621193815915355,
    5.1547328386630056e-05,
    0.2424241091749861
  ]
}